"","Oligodendrocytes_vs_OPC","Oligodendrocytes_vs_Astrocytes","Oligodendrocytes_vs_Microglia","Oligodendrocytes_vs_Endothelial","Oligodendrocytes_vs_Excitatory","Oligodendrocytes_vs_Inhibitory","OPC_vs_Oligodendrocytes","OPC_vs_Astrocytes","OPC_vs_Microglia","OPC_vs_Endothelial","OPC_vs_Excitatory","OPC_vs_Inhibitory","Astrocytes_vs_Oligodendrocytes","Astrocytes_vs_OPC","Astrocytes_vs_Microglia","Astrocytes_vs_Endothelial","Astrocytes_vs_Excitatory","Astrocytes_vs_Inhibitory","Microglia_vs_Oligodendrocytes","Microglia_vs_OPC","Microglia_vs_Astrocytes","Microglia_vs_Endothelial","Microglia_vs_Excitatory","Microglia_vs_Inhibitory","Endothelial_vs_Oligodendrocytes","Endothelial_vs_OPC","Endothelial_vs_Astrocytes","Endothelial_vs_Microglia","Endothelial_vs_Excitatory","Endothelial_vs_Inhibitory","Excitatory_vs_Oligodendrocytes","Excitatory_vs_OPC","Excitatory_vs_Astrocytes","Excitatory_vs_Microglia","Excitatory_vs_Endothelial","Excitatory_vs_Inhibitory","Inhibitory_vs_Oligodendrocytes","Inhibitory_vs_OPC","Inhibitory_vs_Astrocytes","Inhibitory_vs_Microglia","Inhibitory_vs_Endothelial","Inhibitory_vs_Excitatory"
"A1CF",0,0,0,0,-0.0141729422517789,-0.00717969962695597,0,0,0,0,-0.00836757488591577,-0.00137433226109285,0,0,0,0,-0.013150822940853,-0.00615758031603009,0,0,0,0,-0.0143987691350589,-0.00740552651023596,0,0,0,0,-0.0143987691350589,0,0.0141729422517789,0.00836757488591577,0.013150822940853,0.0143987691350589,0.0143987691350589,0.00699324262482293,0.00717969962695597,0.00137433226109285,0.00615758031603009,0.00740552651023596,0,-0.00699324262482293
"ANKHD1",0,-0.247064272792777,0.0924632126061893,0,-0.936722650356518,-0.358862870079375,0,-0.22826388753114,0,0,-0.917922265094881,-0.340062484817738,0.247064272792777,0.22826388753114,0.339527485398966,0.216254286788985,-0.689658377563741,-0.111798597286597,-0.0924632126061893,0,-0.339527485398966,0,-1.02918586296271,-0.451326082685564,0,0,-0.216254286788985,0,-0.905912664352726,0,0.936722650356518,0.917922265094881,0.689658377563741,1.02918586296271,0.905912664352726,0.577859780277143,0.358862870079375,0.340062484817738,0.111798597286597,0.451326082685564,0,-0.577859780277143
"CELF4",-0.0665066123503268,-0.0696601792941862,0,-0.379578801273761,-2.5788433030505,-2.16114831160116,0.0665066123503268,0,0,-0.313072188923434,-2.51233669070017,-2.09464169925083,0.0696601792941862,0,0,-0.309918621979574,-2.50918312375631,-2.09148813230697,0,0,0,-0.374194072839551,-2.57345857461629,-2.15576358316695,0.379578801273761,0.313072188923434,0.309918621979574,0.374194072839551,-2.19926450177674,-1.7815695103274,2.5788433030505,2.51233669070017,2.50918312375631,2.57345857461629,2.19926450177674,0.41769499144934,2.16114831160116,2.09464169925083,2.09148813230697,2.15576358316695,1.7815695103274,-0.41769499144934
"CELF5",-0.242248753534591,0,0,0,-1.72349127522143,-1.04407144907677,0.242248753534591,0.228215658148285,0.238813109528035,0,-1.48124252168684,-0.801822695542177,0,-0.228215658148285,0,0,-1.70945817983512,-1.03003835369046,0,-0.238813109528035,0,0,-1.72005563121487,-1.04063580507021,0,0,0,0,-1.59237596844037,-0.912956142295703,1.72349127522143,1.48124252168684,1.70945817983512,1.72005563121487,1.59237596844037,0.679419826144662,1.04407144907677,0.801822695542177,1.03003835369046,1.04063580507021,0.912956142295703,-0.679419826144662
"CELF6",0.0447920183866712,-0.0498912430779701,0,0,-0.632707091038508,-0.378494589571568,-0.0447920183866712,-0.0946832614646413,-0.010374900304452,0,-0.677499109425179,-0.42328660795824,0.0498912430779701,0.0946832614646413,0.0843083611601894,0,-0.582815847960538,-0.328603346493598,0,0.010374900304452,-0.0843083611601894,0,-0.667124209120727,-0.412911707653788,0,0,0,0,-0.627179642354127,-0.372967140887187,0.632707091038508,0.677499109425179,0.582815847960538,0.667124209120727,0.627179642354127,0.25421250146694,0.378494589571568,0.42328660795824,0.328603346493598,0.412911707653788,0.372967140887187,-0.25421250146694
"CNOT4",-0.350514719623701,-0.328623809314,0.0571528820652356,0,-0.968439390840044,-0.517305295909819,0.350514719623701,0,0.407667601688937,0.370989416074131,-0.617924671216343,0,0.328623809314,0,0.385776691379235,0.349098505764429,-0.639815581526044,0,-0.0571528820652356,-0.407667601688937,-0.385776691379235,0,-1.02559227290528,-0.574458177975055,0,-0.370989416074131,-0.349098505764429,0,-0.988914087290474,-0.537779992360249,0.968439390840044,0.617924671216343,0.639815581526044,1.02559227290528,0.988914087290474,0.451134094930225,0.517305295909819,0,0,0.574458177975055,0.537779992360249,-0.451134094930225
"CPEB2",0.418028443664228,0.394913113745702,0.945958575648062,0.828981859823787,0.308083338161883,0.241285053107551,-0.418028443664228,-0.0231153299185252,0.527930131983835,0.41095341615956,-0.109945105502345,0,-0.394913113745702,0.0231153299185252,0.55104546190236,0.434068746078085,-0.0868297755838197,-0.153628060638151,-0.945958575648062,-0.527930131983835,-0.55104546190236,0,-0.637875237486179,-0.704673522540511,-0.828981859823787,-0.41095341615956,-0.434068746078085,0,-0.520898521661904,-0.587696806716236,-0.308083338161883,0.109945105502345,0.0868297755838197,0.637875237486179,0.520898521661904,-0.0667982850543316,-0.241285053107551,0,0.153628060638151,0.704673522540511,0.587696806716236,0.0667982850543316
"CPEB4",-0.879890252818618,-0.772639177114367,0,0,-1.40007389323701,-0.419523723832134,0.879890252818618,0.107251075704251,0.921023796313712,0.810895007368341,-0.52018364041839,0.460366528986484,0.772639177114367,-0.107251075704251,0.81377272060946,0.70364393166409,-0.627434716122641,0.353115453282233,0,-0.921023796313712,-0.81377272060946,0,-1.4412074367321,-0.460657267327228,0,-0.810895007368341,-0.70364393166409,0,-1.33107864778673,0,1.40007389323701,0.52018364041839,0.627434716122641,1.4412074367321,1.33107864778673,0.980550169404874,0.419523723832134,-0.460366528986484,-0.353115453282233,0.460657267327228,0,-0.980550169404874
"CPO",0.010968882482171,0,0,0,-0.210003797275,-0.0905733737824037,-0.010968882482171,0,0,0,0,0,0,0,0,0,-0.213519247156782,-0.0940888236641864,0,0,0,0,-0.228053998386501,-0.108623574893905,0,0,0,0,0,0,0.210003797275,0,0.213519247156782,0.228053998386501,0,0,0.0905733737824037,0,0.0940888236641864,0.108623574893905,0,0
"DAZAP1",0.108761195877872,0.110462442492262,0.20125755698259,0.158337572591152,-0.25928145036741,0.00716974126191117,-0.108761195877872,0,0,0,-0.368042646245282,0,-0.110462442492262,0,0.0907951144903287,0,-0.369743892859671,-0.10329270123035,-0.20125755698259,0,-0.0907951144903287,0,-0.46053900735,0,-0.158337572591152,0,0,0,0,0,0.25928145036741,0.368042646245282,0.369743892859671,0.46053900735,0,0.266451191629321,-0.00716974126191117,0,0.10329270123035,0,0,-0.266451191629321
"ELAVL1",-0.117260495358469,0.0140392589092622,0.0651085028618756,0,-0.507230845993585,-0.237422436571643,0.117260495358469,0.131299754267731,0.182368998220344,0,-0.389970350635116,0,-0.0140392589092622,-0.131299754267731,0,0,-0.521270104902847,-0.251461695480905,-0.0651085028618756,-0.182368998220344,0,0,-0.572339348855461,-0.302530939433519,0,0,0,0,-0.538464114276752,0,0.507230845993585,0.389970350635116,0.521270104902847,0.572339348855461,0.538464114276752,0.269808409421942,0.237422436571643,0,0.251461695480905,0.302530939433519,0,-0.269808409421942
"ENOX1",1.03651792787615,0.972796917597036,1.70946983214406,1.2024446451024,-1.36554801517547,-0.902177342095771,-1.03651792787615,-0.063721010279119,0.672951904267906,0,-2.40206594305162,-1.93869526997193,-0.972796917597036,0.063721010279119,0.736672914547025,0.229647727505363,-2.3383449327725,-1.87497425969281,-1.70946983214406,-0.672951904267906,-0.736672914547025,-0.507025187041662,-3.07501784731953,-2.61164717423983,-1.2024446451024,0,-0.229647727505363,0.507025187041662,-2.56799266027787,-2.10462198719817,1.36554801517547,2.40206594305162,2.3383449327725,3.07501784731953,2.56799266027787,0.463370673079697,0.902177342095771,1.93869526997193,1.87497425969281,2.61164717423983,2.10462198719817,-0.463370673079697
"ESRP2",0,0,0,0,-0.00038418259683537,-0.000895633948019281,0,0,-0.00047355819919348,0,-0.000798171550588034,-0.00130962290177195,0,0,0,0,-0.00038206953139186,-0.000893520882575771,0,0.00047355819919348,0,0,-0.000324613351394554,-0.000836064702578465,0,0,0,0,-0.000798171550588034,0,0.00038418259683537,0.000798171550588034,0.00038206953139186,0.000324613351394554,0.000798171550588034,-0.000511451351183911,0.000895633948019281,0.00130962290177195,0.000893520882575771,0.000836064702578465,0,0.000511451351183911
"FMR1",0,-0.0830270667761193,0,0,-0.529776836120325,-0.292648913440784,0,-0.0171391471333784,0,0,-0.463888916477584,-0.226760993798043,0.0830270667761193,0.0171391471333784,0.111142624590164,0,-0.446749769344205,-0.209621846664664,0,0,-0.111142624590164,0,-0.557892393934369,-0.320764471254829,0,0,0,0,0,0,0.529776836120325,0.463888916477584,0.446749769344205,0.557892393934369,0,0.237127922679541,0.292648913440784,0.226760993798043,0.209621846664664,0.320764471254829,0,-0.237127922679541
"FUS",-0.207239395349222,0.0843607577637728,0,0,-0.564337243940843,-0.262490579992337,0.207239395349222,0.291600153112995,0.229976951718339,0.282035633572228,-0.357097848591621,-0.0552511846431143,-0.0843607577637728,-0.291600153112995,-0.0616232013946565,0,-0.648698001704616,-0.34685133775611,0,-0.229976951718339,0.0616232013946565,0,-0.58707480030996,-0.285228136361453,0,-0.282035633572228,0,0,-0.639133482163849,0,0.564337243940843,0.357097848591621,0.648698001704616,0.58707480030996,0.639133482163849,0.301846663948506,0.262490579992337,0.0552511846431143,0.34685133775611,0.285228136361453,0,-0.301846663948506
"FXR1",0.089307453259954,0.116199885411364,0.40864343341131,0.171260266978209,-0.630964471650173,-0.291400942708834,-0.089307453259954,0,0.319335980151356,0,-0.720271924910127,-0.380708395968788,-0.116199885411364,0,0.292443547999946,0,-0.747164357061537,-0.407600828120198,-0.40864343341131,-0.319335980151356,-0.292443547999946,-0.237383166433101,-1.03960790506148,-0.700044376120144,-0.171260266978209,0,0,0.237383166433101,-0.802224738628381,-0.462661209687043,0.630964471650173,0.720271924910127,0.747164357061537,1.03960790506148,0.802224738628381,0.339563528941338,0.291400942708834,0.380708395968788,0.407600828120198,0.700044376120144,0.462661209687043,-0.339563528941338
"FXR2",0.0121940090313144,0,0,0,-0.223545492226914,0,-0.0121940090313144,0,0,0,0,0,0,0,0,0,-0.223037187548817,0,0,0,0,0,-0.267592976132818,0,0,0,0,0,0,0,0.223545492226914,0,0.223037187548817,0.267592976132818,0,0.0964344698407438,0,0,0,0,0,-0.0964344698407438
"HNRNPA1",0,0.0211005122847994,0,0,0,-0.19496447138111,0,0,0,0,-0.298330945646604,-0.18474413355843,-0.0211005122847994,0,0,0,-0.329651795754083,-0.216064983665909,0,0,0,0,0,0,0,0,0,0,0,0,0,0.298330945646604,0.329651795754083,0,0,0.113586812088174,0.19496447138111,0.18474413355843,0.216064983665909,0,0,-0.113586812088174
"HNRNPA1L2",0,0,0,0,-0.0128117341052583,-0.0107258374946508,0,0,0.00189369130558648,0,-0.0123109788631621,-0.0102250822525547,0,0,0,0,-0.0100657246071958,-0.00797982799658836,0,-0.00189369130558648,0,0,-0.0142046701687486,-0.0121187735581412,0,0,0,0,-0.00769275691365978,0,0.0128117341052583,0.0123109788631621,0.0100657246071958,0.0142046701687486,0.00769275691365978,0.00208589661060743,0.0107258374946508,0.0102250822525547,0.00797982799658836,0.0121187735581412,0,-0.00208589661060743
"HNRNPA2B1",-0.196883477460762,0.0491201240147499,0.213113130616689,0.163484731069792,-0.520436376327824,0,0.196883477460762,0.246003601475512,0.409996608077451,0.360368208530554,0,-0.0281009386317859,-0.0491201240147499,-0.246003601475512,0.163993006601939,0,-0.569556500342574,-0.274104540107298,-0.213113130616689,-0.409996608077451,-0.163993006601939,0,-0.733549506944513,-0.438097546709237,-0.163484731069792,-0.360368208530554,0,0,-0.683921107397616,-0.38846914716234,0.520436376327824,0,0.569556500342574,0.733549506944513,0.683921107397616,0.295451960235276,0,0.0281009386317859,0.274104540107298,0.438097546709237,0.38846914716234,-0.295451960235276
"HNRNPAB",0,0,-0.0254786697148988,0,-0.074636316059272,-0.0497520915360876,0,0,-0.0230325381271543,0,-0.0721901844715276,-0.0473059599483432,0,0,-0.0276891960490222,0,-0.0768468423933955,-0.0519626178702111,0.0254786697148988,0.0230325381271543,0.0276891960490222,0,-0.0491576463443733,-0.0242734218211889,0,0,0,0,-0.0827573439427471,0,0.074636316059272,0.0721901844715276,0.0768468423933955,0.0491576463443733,0.0827573439427471,0.0248842245231844,0.0497520915360876,0.0473059599483432,0.0519626178702111,0.0242734218211889,0,-0.0248842245231844
"HNRNPC",-0.147240228679858,-0.200564429132083,-0.0693082038547321,0,-0.977669734642669,-0.458944902069268,0.147240228679858,-0.0533242004522245,0,0,-0.830429505962811,-0.31170467338941,0.200564429132083,0.0533242004522245,0.131256225277351,0,-0.777105305510586,-0.258380472937185,0.0693082038547321,0,-0.131256225277351,0,-0.908361530787937,-0.389636698214536,0,0,0,0,-0.83792877195864,0,0.977669734642669,0.830429505962811,0.777105305510586,0.908361530787937,0.83792877195864,0.518724832573401,0.458944902069268,0.31170467338941,0.258380472937185,0.389636698214536,0,-0.518724832573401
"HNRNPCL1",0,0,0,0,0,-0.000145572376984981,0,0,0,0,0,-0.000145572376984981,0,0,0,0,0,-0.000145572376984981,0,0,0,0,0,-0.000145572376984981,0,0,0,0,0,0,0,0,0,0,0,-0.000145572376984981,0.000145572376984981,0.000145572376984981,0.000145572376984981,0.000145572376984981,0,0.000145572376984981
"HNRNPH2",0.00136835595736606,0,0,0,-0.247892775883275,0,-0.00136835595736606,0,-0.00831133536438644,0,0,-0.156390861765092,0,0,-0.0156902872239386,0,0,-0.163769813624644,0,0.00831133536438644,0.0156902872239386,0,-0.240949796476254,0,0,0,0,0,0,0,0.247892775883275,0,0,0.240949796476254,0,0.092870270075549,0,0.156390861765092,0.163769813624644,0,0,-0.092870270075549
"HNRNPK",-0.085317318934425,0.0168114230393599,0.143805603622924,0,-0.402541524436381,-0.232227792791791,0.085317318934425,0.102128741973785,0.229122922557349,0,-0.317224205501956,0,-0.0168114230393599,-0.102128741973785,0.126994180583564,0,-0.41935294747574,-0.249039215831151,-0.143805603622924,-0.229122922557349,-0.126994180583564,0,-0.546347128059305,-0.376033396414715,0,0,0,0,0,0,0.402541524436381,0.317224205501956,0.41935294747574,0.546347128059305,0,0,0.232227792791791,0,0.249039215831151,0.376033396414715,0,0
"HNRNPL",0.00963323280453476,0,0.0995909886459871,0,-0.386820353788759,-0.185027239576393,-0.00963323280453476,0,0,0,-0.396453586593294,-0.194660472380928,0,0,0.100424882965098,0,-0.385986459469648,-0.184193345257282,-0.0995909886459871,0,-0.100424882965098,0,-0.486411342434746,-0.28461822822238,0,0,0,0,0,0,0.386820353788759,0.396453586593294,0.385986459469648,0.486411342434746,0,0.201793114212366,0.185027239576393,0.194660472380928,0.184193345257282,0.28461822822238,0,-0.201793114212366
"HNRNPLL",-0.18336183176338,-0.113056980914275,0,0,-0.964814274971198,-0.348923501390697,0.18336183176338,0.0703048508491049,0.167744689533654,0,-0.781452443207818,-0.165561669627318,0.113056980914275,-0.0703048508491049,0.0974398386845494,0,-0.851757294056923,-0.235866520476423,0,-0.167744689533654,-0.0974398386845494,0,-0.949197132741472,-0.333306359160972,0,0,0,0,-0.892165624809991,0,0.964814274971198,0.781452443207818,0.851757294056923,0.949197132741472,0.892165624809991,0.6158907735805,0.348923501390697,0.165561669627318,0.235866520476423,0.333306359160972,0,-0.6158907735805
"HNRNPR",-0.145116224847722,0.0361491817024282,0.124136673519045,0.1585533285684,-0.507802318880969,-0.241628243003339,0.145116224847722,0.18126540655015,0.269252898366766,0.303669553416122,-0.362686094033247,0,-0.0361491817024282,-0.18126540655015,0.0879874918166164,0,-0.543951500583397,-0.277777424705767,-0.124136673519045,-0.269252898366766,-0.0879874918166164,0,-0.631938992400014,-0.365764916522384,-0.1585533285684,-0.303669553416122,0,0,-0.666355647449369,-0.400181571571739,0.507802318880969,0.362686094033247,0.543951500583397,0.631938992400014,0.666355647449369,0.26617407587763,0.241628243003339,0,0.277777424705767,0.365764916522384,0.400181571571739,-0.26617407587763
"IGF2BP2",-0.0703089989799448,-0.0431871227106886,0,0,-0.0121711966146494,-0.00877932209489529,0.0703089989799448,0,0,0,0.0581378023652954,0.0615296768850495,0.0431871227106886,0,0,0,0.0310159260960392,0.0344078006157933,0,0,0,0,-0.011207374816125,-0.0078155002963709,0,0,0,0,0.112764052072688,0.116155926592443,0.0121711966146494,-0.0581378023652954,-0.0310159260960392,0.011207374816125,-0.112764052072688,0.00339187451975409,0.00877932209489529,-0.0615296768850495,-0.0344078006157933,0.0078155002963709,-0.116155926592443,-0.00339187451975409
"IGF2BP3",0,0,-0.032268894125963,0,-0.0373995390321293,-0.169753608127978,0,0,-0.0251465335822352,0,-0.0302771784884015,-0.16263124758425,0,0,-0.0149987842442354,0,-0.0201294291504017,0,0.032268894125963,0.0251465335822352,0.0149987842442354,0,-0.00513064490616633,0,0,0,0,0,-0.0416091565608534,0,0.0373995390321293,0.0302771784884015,0.0201294291504017,0.00513064490616633,0.0416091565608534,-0.132354069095849,0.169753608127978,0.16263124758425,0,0,0,0.132354069095849
"KHDRBS1",0,0,0,0,-0.640232545526534,-0.340824500791272,0,0,0,0,-0.617226612806826,-0.317818568071564,0,0,0,0,-0.632515878747223,-0.333107834011961,0,0,0,0,-0.65923970056724,-0.359831655831978,0,0,0,0,-0.649901568548054,-0.350493523812792,0.640232545526534,0.617226612806826,0.632515878747223,0.65923970056724,0.649901568548054,0.299408044735262,0.340824500791272,0.317818568071564,0.333107834011961,0.359831655831978,0.350493523812792,-0.299408044735262
"KHDRBS2",-0.631265802273148,0.138251578709826,0.110313387838536,-0.708425115981347,-4.27285168170737,-2.54895296755211,0.631265802273148,0.769517380982975,0.741579190111684,-0.077159313708199,-3.64158587943422,-1.91768716527897,-0.138251578709826,-0.769517380982975,-0.0279381908712901,-0.846676694691173,-4.4111032604172,-2.68720454626194,-0.110313387838536,-0.741579190111684,0.0279381908712901,-0.818738503819883,-4.38316506954591,-2.65926635539065,0.708425115981347,0.077159313708199,0.846676694691173,0.818738503819883,-3.56442656572602,-1.84052785157077,4.27285168170737,3.64158587943422,4.4111032604172,4.38316506954591,3.56442656572602,1.72389871415526,2.54895296755211,1.91768716527897,2.68720454626194,2.65926635539065,1.84052785157077,-1.72389871415526
"KHDRBS3",-1.81949315188428,0.184192178406461,-0.576397815838336,-0.23409901441445,-3.59169552802598,-1.15241592351825,1.81949315188428,2.00368533029074,1.24309533604595,1.58539413746983,-1.7722023761417,0.667077228366034,-0.184192178406461,-2.00368533029074,-0.760589994244796,-0.418291192820911,-3.77588770643244,-1.33660810192471,0.576397815838336,-1.24309533604595,0.760589994244796,0.342298801423886,-3.01529771218765,-0.576018107679911,0.23409901441445,-1.58539413746983,0.418291192820911,-0.342298801423886,-3.35759651361153,-0.918316909103796,3.59169552802598,1.7722023761417,3.77588770643244,3.01529771218765,3.35759651361153,2.43927960450774,1.15241592351825,-0.667077228366034,1.33660810192471,0.576018107679911,0.918316909103796,-2.43927960450774
"LIN28A",0,0,0,0,-0.00366949169420372,-0.000885491607564459,0,0,0.00130294127523523,0,-0.00260798945063101,0.00017601063600825,0,0,0,0,-0.00272080043676448,6.31996498747789e-05,0,-0.00130294127523523,0,0,-0.00391093072586624,-0.00112693063922698,0,0,0,0,-0.00438448892505972,0,0.00366949169420372,0.00260798945063101,0.00272080043676448,0.00391093072586624,0.00438448892505972,0.00278400008663926,0.000885491607564459,-0.00017601063600825,-6.31996498747789e-05,0.00112693063922698,0,-0.00278400008663926
"MATR3",0.00378369539487555,0.0198303695298163,0,0,-0.0992622803078977,-0.0329482212663126,-0.00378369539487555,0,0,0,-0.103045975702773,-0.0367319166611881,-0.0198303695298163,0,0,0,-0.119092649837714,-0.0527785907961289,0,0,0,0,-0.117982817960558,-0.0516687589189726,0,0,0,0,0,0,0.0992622803078977,0.103045975702773,0.119092649837714,0.117982817960558,0,0.0663140590415852,0.0329482212663126,0.0367319166611881,0.0527785907961289,0.0516687589189726,0,-0.0663140590415852
"MBNL1",0.172227151524018,-0.05981644034186,-0.404815939158933,0,-1.32410304121149,-0.101048963129854,-0.172227151524018,-0.232043591865878,-0.577043090682951,-0.219559593133085,-1.49633019273551,-0.273276114653872,0.05981644034186,0.232043591865878,-0.344999498817073,0,-1.26428660086963,-0.0412325227879942,0.404815939158933,0.577043090682951,0.344999498817073,0.357483497549866,-0.919287102052559,0.303766976029079,0,0.219559593133085,0,-0.357483497549866,-1.27677059960243,-0.0537165215207871,1.32410304121149,1.49633019273551,1.26428660086963,0.919287102052559,1.27677059960243,1.22305407808164,0.101048963129854,0.273276114653872,0.0412325227879942,-0.303766976029079,0.0537165215207871,-1.22305407808164
"MSI1",-0.0673775020264726,-0.172785958013947,0,0,-0.0358459832260711,-0.0401215145356402,0.0673775020264726,-0.105408455987474,0,0,0.0315315188004015,0.0272559874908325,0.172785958013947,0.105408455987474,0.172992622061796,0,0.136939974787876,0.132664443478307,0,0,-0.172992622061796,0,-0.0360526472739207,-0.0403281785834897,0,0,0,0,0.0391108443801143,0.0348353130705452,0.0358459832260711,-0.0315315188004015,-0.136939974787876,0.0360526472739207,-0.0391108443801143,-0.00427553130956904,0.0401215145356402,-0.0272559874908325,-0.132664443478307,0.0403281785834897,-0.0348353130705452,0.00427553130956904
"NAB2",0,-0.037683400513387,0,0,-0.158695385293357,-0.0671890759803409,0,-0.0238840262904609,-0.00253851003324024,0,-0.144896011070431,-0.0533897017574148,0.037683400513387,0.0238840262904609,0,0,-0.12101198477997,-0.0295056754669538,0,0.00253851003324024,0,0,-0.142357501037191,-0.0508511917241745,0,0,0,0,0,0,0.158695385293357,0.144896011070431,0.12101198477997,0.142357501037191,0,0.0915063093130164,0.0671890759803409,0.0533897017574148,0.0295056754669538,0.0508511917241745,0,-0.0915063093130164
"PABPC1",-0.0694451815865149,0,-0.269331024036582,-0.188072657211186,-0.877744620325078,-0.370791127293828,0.0694451815865149,0.0689789070572882,-0.199885842450067,-0.118627475624671,-0.808299438738563,-0.301345945707313,0,-0.0689789070572882,-0.268864749507356,-0.18760638268196,-0.877278345795852,-0.370324852764601,0.269331024036582,0.199885842450067,0.268864749507356,0,-0.608413596288496,-0.101460103257246,0.188072657211186,0.118627475624671,0.18760638268196,0,-0.689671963113892,0,0.877744620325078,0.808299438738563,0.877278345795852,0.608413596288496,0.689671963113892,0.50695349303125,0.370791127293828,0.301345945707313,0.370324852764601,0.101460103257246,0,-0.50695349303125
"PABPC3",0,0,0,0,-0.000328022131393713,0.000448544962888375,0,0,0,0,0.0010460846828193,0.00182265177710139,0,0,0,0,0.00401927002685709,0.00479583712113918,0,0,0,0,-0.00179526540525399,-0.0010186983109719,0,0,0,0,-0.00179526540525399,0,0.000328022131393713,-0.0010460846828193,-0.00401927002685709,0.00179526540525399,0.00179526540525399,0.000776567094282088,-0.000448544962888375,-0.00182265177710139,-0.00479583712113918,0.0010186983109719,0,-0.000776567094282088
"PABPC4",0.00977984979137125,0,-0.0302535753791422,0,-0.133868426098945,-0.0621159524692643,-0.00977984979137125,-0.030866198653827,-0.0400334251705134,0,-0.143648275890316,0,0,0.030866198653827,0,0,-0.112782077236489,-0.0410296036068085,0.0302535753791422,0.0400334251705134,0,0,-0.103614850719803,-0.0318623770901221,0,0,0,0,-0.0789319771735832,0,0.133868426098945,0.143648275890316,0.112782077236489,0.103614850719803,0.0789319771735832,0.0717524736296808,0.0621159524692643,0,0.0410296036068085,0.0318623770901221,0,-0.0717524736296808
"PABPC5",0,0,0,0,-0.040595815839201,-0.0149915398731952,0,0,0,0,-0.000863189694579658,0.0247410862714261,0,0,0,0,-0.0485846196505493,-0.0229803436845435,0,0,0,0,-0.0606953854230539,-0.0350911094570481,0,0,0,0,-0.06211559394551,0,0.040595815839201,0.000863189694579658,0.0485846196505493,0.0606953854230539,0.06211559394551,0.0256042759660058,0.0149915398731952,-0.0247410862714261,0.0229803436845435,0.0350911094570481,0,-0.0256042759660058
"PABPN1",-0.153104624590397,-0.0917606133274407,0,0,-0.499819987486365,-0.307999711634636,0.153104624590397,0,0.179982764746056,0,-0.346715362895969,0,0.0917606133274407,0,0.1186387534831,0,-0.408059374158925,-0.216239098307195,0,-0.179982764746056,-0.1186387534831,0,-0.526698127642024,-0.334877851790295,0,0,0,0,0,0,0.499819987486365,0.346715362895969,0.408059374158925,0.526698127642024,0,0.19182027585173,0.307999711634636,0,0.216239098307195,0.334877851790295,0,-0.19182027585173
"PCBP1",0.023650181949922,0.0700237100399677,0.0518139090613727,0,-0.291253089847853,-0.110030926721693,-0.023650181949922,0,0,0,-0.314903271797775,0,-0.0700237100399677,0,-0.0182098009785949,-0.157921571371391,-0.361276799887821,-0.18005463676166,-0.0518139090613727,0,0.0182098009785949,0,0,0,0,0,0.157921571371391,0,0,0,0.291253089847853,0.314903271797775,0.361276799887821,0,0,0.18122216312616,0.110030926721693,0,0.18005463676166,0,0,-0.18122216312616
"PCBP2",0.0271837596899407,0,0.143963577051592,0,-0.414901277100051,0,-0.0271837596899407,-0.0625627780570743,0.116779817361651,0,-0.442085036789991,-0.204085018368996,0,0.0625627780570743,0.179342595418725,0,-0.379522258732917,0,-0.143963577051592,-0.116779817361651,-0.179342595418725,0,-0.558864854151642,-0.320864835730647,0,0,0,0,0,0,0.414901277100051,0.442085036789991,0.379522258732917,0.558864854151642,0,0.238000018420996,0,0.204085018368996,0,0.320864835730647,0,-0.238000018420996
"PCBP3",0.0737403833526096,-0.0496789385709135,0,0,-0.285727685223758,-0.266373892198349,-0.0737403833526096,-0.123419321923523,-0.0255524443915571,-0.197734446071308,-0.359468068576368,-0.340114275550958,0.0496789385709135,0.123419321923523,0.097866877531966,0,-0.236048746652845,-0.216694953627435,0,0.0255524443915571,-0.097866877531966,0,0,-0.314561831159401,0,0.197734446071308,0,0,0,0,0.285727685223758,0.359468068576368,0.236048746652845,0,0,0.0193537930254095,0.266373892198349,0.340114275550958,0.216694953627435,0.314561831159401,0,-0.0193537930254095
"PPRC1",0,0,0,0,-0.0927353909556015,-0.029153564948889,0,0,-0.0059853821534146,0,-0.0794153438676146,-0.0158335178609021,0,0,0,0,-0.0747972067199612,-0.0112153807132487,0,0.0059853821534146,0,0,-0.0734299617142,-0.00984813570748755,0,0,0,0,-0.0817116900462647,0,0.0927353909556015,0.0794153438676146,0.0747972067199612,0.0734299617142,0.0817116900462647,0.0635818260067125,0.029153564948889,0.0158335178609021,0.0112153807132487,0.00984813570748755,0,-0.0635818260067125
"PTBP1",0,0,-0.0289555511659214,0,-0.193856138985185,-0.0810781472517839,0,0,0,0,-0.14282594487102,-0.030047953137619,0,0,-0.0198451630877756,0,-0.184745750907039,-0.0719677591736381,0.0289555511659214,0,0.0198451630877756,0,-0.164900587819264,-0.0521225960858624,0,0,0,0,0,0,0.193856138985185,0.14282594487102,0.184745750907039,0.164900587819264,0,0,0.0810781472517839,0.030047953137619,0.0719677591736381,0.0521225960858624,0,0
"QKI",0.856035631881516,0.896921519860096,1.79453276608839,1.98615793418145,3.07957456997866,1.65036770077788,-0.856035631881516,0,0.938497134206877,1.13012230229993,2.22353893809715,0.794332068896368,-0.896921519860096,0,0.897611246228297,1.08923641432135,2.18265305011857,0.753446180917788,-1.79453276608839,-0.938497134206877,-0.897611246228297,0,1.28504180389027,-0.14416506531051,-1.98615793418145,-1.13012230229993,-1.08923641432135,0,1.09341663579722,0,-3.07957456997866,-2.22353893809715,-2.18265305011857,-1.28504180389027,-1.09341663579722,-1.42920686920078,-1.65036770077788,-0.794332068896368,-0.753446180917788,0.14416506531051,0,1.42920686920078
"RALY",0.163244190999956,0.0855982145553646,0.0570586694927822,0,-0.192464457148701,0.0563010994196249,-0.163244190999956,-0.0776459764445916,-0.106185521507174,0,-0.355708648148658,0,-0.0855982145553646,0.0776459764445916,-0.0285395450625825,0,0,-0.0292971151357397,-0.0570586694927822,0.106185521507174,0.0285395450625825,0,-0.249523126641483,-0.000757570073157243,0,0,0,0,0,0,0.192464457148701,0.355708648148658,0,0.249523126641483,0,0.248765556568326,-0.0563010994196249,0,0.0292971151357397,0.000757570073157243,0,-0.248765556568326
"RBFOX1",-1.48344144961242,-0.40726330627298,-0.0674172835167248,-2.2087691526339,-5.98106793581215,-5.0644977955975,1.48344144961242,1.07617814333944,1.41602416609569,-0.725327703021478,-4.49762648619974,-3.58105634598508,0.40726330627298,-1.07617814333944,0.339846022756255,-1.80150584636092,-5.57380462953917,-4.65723448932452,0.0674172835167248,-1.41602416609569,-0.339846022756255,-2.14135186911717,-5.91365065229543,-4.99708051208077,2.2087691526339,0.725327703021478,1.80150584636092,2.14135186911717,-3.77229878317826,-2.8557286429636,5.98106793581215,4.49762648619974,5.57380462953917,5.91365065229543,3.77229878317826,0.916570140214655,5.0644977955975,3.58105634598508,4.65723448932452,4.99708051208077,2.8557286429636,-0.916570140214655
"RBM24",0,0,0,0,-0.353703488038895,0,0,0,0,0,-0.351313534646581,0,0,0,0,0,-0.352204237578076,0,0,0,0,0,0,0,0,0,0,0,0,0,0.353703488038895,0.351313534646581,0.352204237578076,0,0,0.221384584717508,0,0,0,0,0,-0.221384584717508
"RBM28",-0.129923691919594,-0.35696547777224,0.151101909369937,0,-0.412840162144271,-0.306881889918452,0.129923691919594,-0.227041785852646,0.28102560128953,0,0,-0.176958197998858,0.35696547777224,0.227041785852646,0.508067387142176,0.387960504334544,-0.0558746843720315,0.0500835878537875,-0.151101909369937,-0.28102560128953,-0.508067387142176,0,-0.563942071514208,-0.457983799288389,0,0,-0.387960504334544,0,0,-0.337876916480756,0.412840162144271,0,0.0558746843720315,0.563942071514208,0,0.105958272225819,0.306881889918452,0.176958197998858,-0.0500835878537875,0.457983799288389,0.337876916480756,-0.105958272225819
"RBM3",0,-0.0753162976782813,0,0,-0.184528158613326,-0.100716435234107,0,-0.0302599021887302,0,0,-0.139471763123775,-0.0556600397445561,0.0753162976782813,0.0302599021887302,0,0,-0.109211860935045,-0.0254001375558259,0,0,0,0,-0.166914849853429,-0.0831031264742104,0,0,0,0,-0.0780577772348809,0,0.184528158613326,0.139471763123775,0.109211860935045,0.166914849853429,0.0780577772348809,0.083811723379219,0.100716435234107,0.0556600397445561,0.0254001375558259,0.0831031264742104,0,-0.083811723379219
"RBM38",0,-0.0354257106210243,0,0,-0.0247322345496075,0.00947459988993993,0,-0.0297906452412295,-0.00355068795234659,0,-0.0190971691698127,0.0151096652697347,0.0354257106210243,0.0297906452412295,0,0,0.0106934760714168,0.0449003105109642,0,0.00355068795234659,0,0,-0.0155464812174662,0.0186603532220813,0,0,0,0,0.0325436997799471,0.0667505342194945,0.0247322345496075,0.0190971691698127,-0.0106934760714168,0.0155464812174662,-0.0325436997799471,0.0342068344395474,-0.00947459988993993,-0.0151096652697347,-0.0449003105109642,-0.0186603532220813,-0.0667505342194945,-0.0342068344395474
"RBM4",-0.159804781134339,-0.0442568251884652,0,0,-0.947378053087793,-0.524716601387903,0.159804781134339,0.115547955945874,0.177296216174514,0,-0.787573271953453,-0.364911820253564,0.0442568251884652,-0.115547955945874,0,0,-0.903121227899327,-0.480459776199438,0,-0.177296216174514,0,0,-0.964869488127967,-0.542208036428077,0,0,0,0,-0.925588850695993,-0.502927398996104,0.947378053087793,0.787573271953453,0.903121227899327,0.964869488127967,0.925588850695993,0.422661451699889,0.524716601387903,0.364911820253564,0.480459776199438,0.542208036428077,0.502927398996104,-0.422661451699889
"RBM41",-0.129371489891411,0,0,0,-0.525153398003997,-0.335362992013889,0.129371489891411,0.0953046684247101,0.168360538813431,0.233740252677923,-0.395781908112586,-0.205991502122478,0,-0.0953046684247101,0,0,-0.491086576537296,-0.301296170547188,0,-0.168360538813431,0,0,-0.564142446926017,-0.374352040935909,0,-0.233740252677923,0,0,-0.629522160790509,-0.439731754800401,0.525153398003997,0.395781908112586,0.491086576537296,0.564142446926017,0.629522160790509,0.189790405990108,0.335362992013889,0.205991502122478,0.301296170547188,0.374352040935909,0.439731754800401,-0.189790405990108
"RBM42",0.0028296970638384,0,0,0,-0.0520834440932834,-0.0208921713266328,-0.0028296970638384,0,0,0,-0.0549131411571218,-0.0237218683904712,0,0,0,0,-0.062505412248451,-0.0313141394818004,0,0,0,0,-0.0661877513462983,-0.0349964785796477,0,0,0,0,-0.0646023530840305,0,0.0520834440932834,0.0549131411571218,0.062505412248451,0.0661877513462983,0.0646023530840305,0.0311912727666506,0.0208921713266328,0.0237218683904712,0.0313141394818004,0.0349964785796477,0,-0.0311912727666506
"RBM45",-0.0767343362005311,0,0.0619537635588807,0,-0.365745412763965,-0.218380616348248,0.0767343362005311,0.0745842334363704,0.138688099759412,0,-0.289011076563433,0,0,-0.0745842334363704,0,0,-0.363595309999804,-0.216230513584088,-0.0619537635588807,-0.138688099759412,0,0,-0.427699176322845,-0.280334379907129,0,0,0,0,0,0,0.365745412763965,0.289011076563433,0.363595309999804,0.427699176322845,0,0,0.218380616348248,0,0.216230513584088,0.280334379907129,0,0
"RBM46",0,0,0,0,-0.00615775770537397,-0.00293046509055217,0,0,0.000119201161637106,0,-0.00550558449145999,-0.00227829187663819,0,0,0,0,-0.00241611716781542,0.000811175447006374,0,-0.000119201161637106,0,0,-0.0056247856530971,-0.0023974930382753,0,0,0,0,0.00230640468732624,0,0.00615775770537397,0.00550558449145999,0.00241611716781542,0.0056247856530971,-0.00230640468732624,0.0032272926148218,0.00293046509055217,0.00227829187663819,-0.000811175447006374,0.0023974930382753,0,-0.0032272926148218
"RBM47",0,0,-1.18061581609424,-0.808395965527172,-0.0302780458370866,-0.0165345801799897,0,0,-1.1702231943826,-0.798003343815536,-0.0198854241254505,-0.00614195846835353,0,0,-1.16693878954351,-0.794718938976448,-0.0166010192863624,-0.00285755362926543,1.18061581609424,1.1702231943826,1.16693878954351,0.372219850567064,1.15033777025715,1.16408123591425,0.808395965527172,0.798003343815536,0.794718938976448,-0.372219850567064,0.778117919690086,0.791861385347183,0.0302780458370866,0.0198854241254505,0.0166010192863624,-1.15033777025715,-0.778117919690086,0.0137434656570969,0.0165345801799897,0.00614195846835353,0.00285755362926543,-1.16408123591425,-0.791861385347183,-0.0137434656570969
"RBM5",0,0.00835965893896473,0.331005351391841,0.152777139822255,-0.716458708045283,0,0,0.0808515516499655,0.403497244102842,0.225269032533256,-0.643966815334282,0,-0.00835965893896473,-0.0808515516499655,0.322645692452877,0,-0.724818366984248,-0.210341074760925,-0.331005351391841,-0.403497244102842,-0.322645692452877,-0.178228211569586,-1.04746405943712,-0.532986767213802,-0.152777139822255,-0.225269032533256,0,0.178228211569586,-0.869235847867538,-0.354758555644216,0.716458708045283,0.643966815334282,0.724818366984248,1.04746405943712,0.869235847867538,0.514477292223323,0,0,0.210341074760925,0.532986767213802,0.354758555644216,-0.514477292223323
"RBM6",-0.17789285581923,-0.366471289300738,-0.086330325362397,-0.396348409487524,-1.53338622674343,-0.914334907835624,0.17789285581923,-0.188578433481509,0,-0.218455553668295,-1.3554933709242,-0.736442052016395,0.366471289300738,0.188578433481509,0.280140963938341,0,-1.16691493744269,-0.547863618534886,0.086330325362397,0,-0.280140963938341,-0.310018084125127,-1.44705590138103,-0.828004582473227,0.396348409487524,0.218455553668295,0,0.310018084125127,-1.1370378172559,-0.5179864983481,1.53338622674343,1.3554933709242,1.16691493744269,1.44705590138103,1.1370378172559,0.619051318907804,0.914334907835624,0.736442052016395,0.547863618534886,0.828004582473227,0.5179864983481,-0.619051318907804
"RBM8A",0.00213164042029668,0,0,0,-0.223961285617588,-0.0895037963577674,-0.00213164042029668,0,0,0,0,0,0,0,0,0,0,-0.0941060942775018,0,0,0,0,-0.258752439609752,-0.124294950349931,0,0,0,0,0,0,0.223961285617588,0,0,0.258752439609752,0,0,0.0895037963577674,0,0.0941060942775018,0.124294950349931,0,0
"RBMS1",-0.657576565778333,0,-0.550539777927552,-0.74814586498843,-1.06965459933391,-1.02705143428869,0.657576565778333,0.651409918761596,0,0,-0.412078033555576,-0.369474868510359,0,-0.651409918761596,-0.544373130910815,-0.741979217971693,-1.06348795231717,-1.02088478727196,0.550539777927552,0,0.544373130910815,-0.197606087060878,-0.519114821406358,-0.47651165636114,0.74814586498843,0,0.741979217971693,0.197606087060878,0,0,1.06965459933391,0.412078033555576,1.06348795231717,0.519114821406358,0,0.0426031650452177,1.02705143428869,0.369474868510359,1.02088478727196,0.47651165636114,0,-0.0426031650452177
"RBMS3",-1.73042896801665,-2.32204404894993,0,-1.53123896721492,-1.05439028366147,-3.39690365993642,1.73042896801665,-0.59161508093328,1.75294597718623,0,0.676038684355178,-1.66647469191977,2.32204404894993,0.59161508093328,2.34456105811951,0.790805081735011,1.26765376528846,-1.07485961098649,0,-1.75294597718623,-2.34456105811951,-1.55375597638449,-1.07690729283105,-3.41942066910599,1.53123896721492,0,-0.790805081735011,1.55375597638449,0.476848683553446,-1.8656646927215,1.05439028366147,-0.676038684355178,-1.26765376528846,1.07690729283105,-0.476848683553446,-2.34251337627495,3.39690365993642,1.66647469191977,1.07485961098649,3.41942066910599,1.8656646927215,2.34251337627495
"RSF1",-0.257278455214765,-0.230801656522305,0.148075965661888,0,-1.23565492109598,-0.692025669285758,0.257278455214765,0,0.405354420876652,0.345076346322998,-0.978376465881219,-0.434747214070993,0.230801656522305,0,0.378877622184193,0.318599547630538,-1.00485326457368,-0.461224012763453,-0.148075965661888,-0.405354420876652,-0.378877622184193,0,-1.38373088675787,-0.840101634947646,0,-0.345076346322998,-0.318599547630538,0,-1.32345281220422,-0.779823560393991,1.23565492109598,0.978376465881219,1.00485326457368,1.38373088675787,1.32345281220422,0.543629251810225,0.692025669285758,0.434747214070993,0.461224012763453,0.840101634947646,0.779823560393991,-0.543629251810225
"SAMD4A",-1.86189747266344,-2.32418080865041,-0.245570448623618,-1.51174550642683,-0.771318317722509,-0.974280532297208,1.86189747266344,-0.462283335986976,1.61632702403982,0.350151966236605,1.09057915494093,0.887616940366228,2.32418080865041,0.462283335986976,2.07861036002679,0.812435302223582,1.5528624909279,1.3499002763532,0.245570448623618,-1.61632702403982,-2.07861036002679,-1.26617505780321,-0.52574786909889,-0.72871008367359,1.51174550642683,-0.350151966236605,-0.812435302223582,1.26617505780321,0.740427188704323,0.537464974129623,0.771318317722509,-1.09057915494093,-1.5528624909279,0.52574786909889,-0.740427188704323,-0.2029622145747,0.974280532297208,-0.887616940366228,-1.3499002763532,0.72871008367359,-0.537464974129623,0.2029622145747
"SART3",0,0,0,0,-0.520072529213919,-0.287594678872398,0,0,0,0,-0.46469715098297,-0.232219300641448,0,0,0,0,-0.506158857873916,-0.273681007532395,0,0,0,0,-0.530401959412363,-0.297924109070841,0,0,0,0,-0.535689571346825,0,0.520072529213919,0.46469715098297,0.506158857873916,0.530401959412363,0.535689571346825,0.232477850341521,0.287594678872398,0.232219300641448,0.273681007532395,0.297924109070841,0,-0.232477850341521
"SF1",0.156736753287087,-0.0462059971388415,0.293391176249773,0.157119804519367,-0.281132994818101,0.0381536681766148,-0.156736753287087,-0.202942750425929,0.136654422962686,0,-0.437869748105189,0,0.0462059971388415,0.202942750425929,0.339597173388615,0.203325801658208,-0.23492699767926,0.0843596653154564,-0.293391176249773,-0.136654422962686,-0.339597173388615,0,-0.574524171067875,-0.255237508073159,-0.157119804519367,0,-0.203325801658208,0,0,0,0.281132994818101,0.437869748105189,0.23492699767926,0.574524171067875,0,0.319286662994716,-0.0381536681766148,0,-0.0843596653154564,0.255237508073159,0,-0.319286662994716
"SFPQ",-0.348311743858067,-0.367434218693698,0.303147333196238,0.21491390579486,-0.840293124823878,-0.380252713713096,0.348311743858067,-0.0191224748356311,0.651459077054305,0.563225649652927,-0.491981380965811,-0.0319409698550297,0.367434218693698,0.0191224748356311,0.670581551889936,0.582348124488558,-0.47285890613018,-0.0128184950193986,-0.303147333196238,-0.651459077054305,-0.670581551889936,0,-1.14344045802012,-0.683400046909334,-0.21491390579486,-0.563225649652927,-0.582348124488558,0,-1.05520703061874,-0.595166619507956,0.840293124823878,0.491981380965811,0.47285890613018,1.14344045802012,1.05520703061874,0.460040411110782,0.380252713713096,0.0319409698550297,0.0128184950193986,0.683400046909334,0.595166619507956,-0.460040411110782
"SNRNP70",0,0,0.34071028140017,0,-0.7896084920902,-0.483487710116428,0,0,0.361051494778717,0,-0.769267278711653,-0.463146496737881,0,0,0.349201340552248,0,-0.781117432938122,-0.47499665096435,-0.34071028140017,-0.361051494778717,-0.349201340552248,-0.296608012268631,-1.13031877349037,-0.824197991516598,0,0,0,0.296608012268631,-0.833710761221739,-0.527589979247967,0.7896084920902,0.769267278711653,0.781117432938122,1.13031877349037,0.833710761221739,0.306120781973772,0.483487710116428,0.463146496737881,0.47499665096435,0.824197991516598,0.527589979247967,-0.306120781973772
"SNRPA",0,0,-0.0277592772479625,0,-0.100562558680648,-0.0669105180981455,0,0,-0.0190824858250058,0,-0.0918857672576918,-0.0582337266751889,0,0,-0.0291230940924405,0,-0.101926375525127,-0.0682743349426236,0.0277592772479625,0.0190824858250058,0.0291230940924405,0,-0.072803281432686,-0.0391512408501831,0,0,0,0,-0.0699028303445486,0,0.100562558680648,0.0918857672576918,0.101926375525127,0.072803281432686,0.0699028303445486,0.0336520405825029,0.0669105180981455,0.0582337266751889,0.0682743349426236,0.0391512408501831,0,-0.0336520405825029
"SRP54",0,-0.0577013491445815,0.177636280317181,0,-0.297067454033093,-0.141810967148357,0,-0.0410412601208328,0.194296369340929,0,0,0,0.0577013491445815,0.0410412601208328,0.235337629461762,0,-0.239366104888511,-0.0841096180037759,-0.177636280317181,-0.194296369340929,-0.235337629461762,-0.176582003955922,-0.474703734350274,-0.319447247465538,0,0,0,0.176582003955922,0,0,0.297067454033093,0,0.239366104888511,0.474703734350274,0,0,0.141810967148357,0,0.0841096180037759,0.319447247465538,0,0
"SRSF1",-0.140285206515367,0,0.0638171480201295,0,-0.41168230115237,-0.35016432555385,0.140285206515367,0.119699270776378,0.204102354535497,0,0,-0.209879119038483,0,-0.119699270776378,0.0844030837591188,0,-0.391096365413381,-0.329578389814861,-0.0638171480201295,-0.204102354535497,-0.0844030837591188,0,-0.4754994491725,-0.413981473573979,0,0,0,0,0,0,0.41168230115237,0,0.391096365413381,0.4754994491725,0,0.0615179755985205,0.35016432555385,0.209879119038483,0.329578389814861,0.413981473573979,0,-0.0615179755985205
"SRSF10",-0.170953751573525,-0.0705050888029877,0.0858655130341119,0,-0.820440783573209,-0.400214756945145,0.170953751573525,0.100448662770537,0.256819264607637,0,-0.649487031999684,-0.22926100537162,0.0705050888029877,-0.100448662770537,0.1563706018371,0,-0.749935694770222,-0.329709668142157,-0.0858655130341119,-0.256819264607637,-0.1563706018371,0,-0.906306296607321,-0.486080269979257,0,0,0,0,-0.819566598526503,-0.399340571898438,0.820440783573209,0.649487031999684,0.749935694770222,0.906306296607321,0.819566598526503,0.420226026628064,0.400214756945145,0.22926100537162,0.329709668142157,0.486080269979257,0.399340571898438,-0.420226026628064
"SRSF2",0,0,0,0,-0.283808686322123,0,0,0,0,0,0,0,0,0,0,0,0,0,0,0,0,0,-0.270196020834082,-0.131783908468399,0,0,0,0,0,0,0.283808686322123,0,0,0.270196020834082,0,0,0,0,0,0.131783908468399,0,0
"SRSF7",-0.12010122400035,0,-0.11647989121977,0,-0.663567300860156,-0.410712065412836,0.12010122400035,0.126527429022171,0.00362133278057941,0,-0.543466076859806,-0.290610841412486,0,-0.126527429022171,-0.122906096241592,0,-0.669993505881977,-0.417138270434658,0.11647989121977,-0.00362133278057941,0.122906096241592,0,-0.547087409640386,-0.294232174193066,0,0,0,0,-0.590994015487548,0,0.663567300860156,0.543466076859806,0.669993505881977,0.547087409640386,0.590994015487548,0.25285523544732,0.410712065412836,0.290610841412486,0.417138270434658,0.294232174193066,0,-0.25285523544732
"SRSF9",0,-0.0548452358316562,0,0,0,-0.180329874859472,0,0,0,0,0,0,0.0548452358316562,0,0,0,-0.230842736181061,0,0,0,0,0,-0.275612659277183,0,0,0,0,0,0,0,0,0,0.230842736181061,0.275612659277183,0,0.105358097153245,0.180329874859472,0,0,0,0,-0.105358097153245
"TARDBP",-0.000541010249322182,0,0.118536264830053,0,-0.491753326377633,-0.233674977130439,0.000541010249322182,0,0.119077275079375,0,-0.491212316128311,-0.233133966881117,0,0,0.109844758933196,0,-0.50044483227449,-0.242366483027296,-0.118536264830053,-0.119077275079375,-0.109844758933196,0,-0.610289591207686,-0.352211241960493,0,0,0,0,-0.568326059376188,0,0.491753326377633,0.491212316128311,0.50044483227449,0.610289591207686,0.568326059376188,0.258078349247194,0.233674977130439,0.233133966881117,0.242366483027296,0.352211241960493,0,-0.258078349247194
"TIA1",-0.146377769864639,0,0.220075631202008,0.168431690904927,-0.430420413312889,-0.195160249329958,0.146377769864639,0.134164486171241,0.366453401066647,0.314809460769566,0,-0.0487824794653196,0,-0.134164486171241,0.232288914895406,0.180644974598325,-0.418207129619492,-0.182946965636561,-0.220075631202008,-0.366453401066647,-0.232288914895406,0,-0.650496044514898,-0.415235880531967,-0.168431690904927,-0.314809460769566,-0.180644974598325,0,-0.598852104217816,-0.363591940234885,0.430420413312889,0,0.418207129619492,0.650496044514898,0.598852104217816,0.235260163982931,0.195160249329958,0.0487824794653196,0.182946965636561,0.415235880531967,0.363591940234885,-0.235260163982931
"TUT1",0,-0.0367857551698834,0,0,-0.0972788592343903,-0.0470827299176704,0,-0.0303603867126951,0,0,-0.0908534907772021,-0.0406573614604822,0.0367857551698834,0.0303603867126951,0,0,-0.0604931040645069,-0.010296974747787,0,0,0,0,-0.113568622686227,-0.063372493369507,0,0,0,0,0,0,0.0972788592343903,0.0908534907772021,0.0604931040645069,0.113568622686227,0,0.0501961293167199,0.0470827299176704,0.0406573614604822,0.010296974747787,0.063372493369507,0,-0.0501961293167199
"U2AF2",0,0,0,0,-0.14075079729675,-0.0794104831672935,0,0,0.0011845760094773,0,-0.125647635047382,-0.0643073209179255,0,0,0,0,-0.131747488723927,-0.0704071745944703,0,-0.0011845760094773,0,0,-0.126832211056859,-0.0654918969274028,0,0,0,0,0,0,0.14075079729675,0.125647635047382,0.131747488723927,0.126832211056859,0,0.0613403141294564,0.0794104831672935,0.0643073209179255,0.0704071745944703,0.0654918969274028,0,-0.0613403141294564
"YBX1",-0.0858935192049921,0.0387480015302966,0,0,-0.226725974411135,-0.248353378165693,0.0858935192049921,0.124641520735289,0,0,-0.140832455206143,-0.1624598589607,-0.0387480015302966,-0.124641520735289,-0.0626015189078826,0,0,-0.287101379695989,0,0,0.0626015189078826,0,-0.202872457033549,0,0,0,0,0,0,0,0.226725974411135,0.140832455206143,0,0.202872457033549,0,-0.0216274037545574,0.248353378165693,0.1624598589607,0.287101379695989,0,0,0.0216274037545574
"YBX2",0,0,0,0,-0.0180213154235249,-0.000647387129591559,0,0,-0.000236098690150177,0,-0.0175362799909256,-0.000162351696992191,0,0,0,0,-0.0146449056266094,0.002729022667324,0,0.000236098690150177,0,0,-0.0173001813007754,7.37469931579859e-05,0,0,0,0,-0.00936899096035204,0,0.0180213154235249,0.0175362799909256,0.0146449056266094,0.0173001813007754,0.00936899096035204,0.0173739282939334,0.000647387129591559,0.000162351696992191,-0.002729022667324,-7.37469931579859e-05,0,-0.0173739282939334
"ZC3H10",0.0140696136735734,0,0,0,-0.00997993689117038,-0.00295030447618005,-0.0140696136735734,-0.0191895014134309,0,0,-0.0240495505647438,-0.0170199181497535,0,0.0191895014134309,0,0,-0.00486004915131288,0.00216958326367744,0,0,0,0,-0.0317411384339394,-0.0247115060189491,0,0,0,0,-0.0205071511590103,0,0.00997993689117038,0.0240495505647438,0.00486004915131288,0.0317411384339394,0.0205071511590103,0.00702963241499033,0.00295030447618005,0.0170199181497535,-0.00216958326367744,0.0247115060189491,0,-0.00702963241499033
"ZC3H14",-0.0847706949758045,-0.0462636629163564,0.153711741722196,0,-1.15931636375297,-0.476858613025311,0.0847706949758045,0,0.238482436698001,0,-1.07454566877716,-0.392087918049506,0.0462636629163564,0,0.199975404638553,0,-1.11305270083661,-0.430594950108954,-0.153711741722196,-0.238482436698001,-0.199975404638553,-0.18112035094287,-1.31302810547516,-0.630570354747507,0,0,0,0.18112035094287,-1.13190775453229,-0.449450003804637,1.15931636375297,1.07454566877716,1.11305270083661,1.31302810547516,1.13190775453229,0.682457750727657,0.476858613025311,0.392087918049506,0.430594950108954,0.630570354747507,0.449450003804637,-0.682457750727657
"ZCRB1",0,-0.0416657020066762,0.0573660018058262,0,-0.260046566598326,0,0,-0.0402935425249134,0,0,0,0,0.0416657020066762,0.0402935425249134,0.0990317038125024,0,-0.21838086459165,-0.0869583166299339,-0.0573660018058262,0,-0.0990317038125024,0,0,0,0,0,0,0,0,0,0.260046566598326,0,0.21838086459165,0,0,0,0,0,0.0869583166299339,0,0,0
"ZNF638",0.375091791898202,0.604740551654995,1.15751721154682,0.863758602708073,-0.690689089398119,-0.0344823118146214,-0.375091791898202,0.229648759756793,0.782425419648617,0.488666810809871,-1.06578088129632,-0.409574103712823,-0.604740551654995,-0.229648759756793,0.552776659891824,0.259018051053078,-1.29542964105311,-0.639222863469616,-1.15751721154682,-0.782425419648617,-0.552776659891824,-0.293758608838746,-1.84820630094494,-1.19199952336144,-0.863758602708073,-0.488666810809871,-0.259018051053078,0.293758608838746,-1.55444769210619,-0.898240914522694,0.690689089398119,1.06578088129632,1.29542964105311,1.84820630094494,1.55444769210619,0.656206777583498,0.0344823118146214,0.409574103712823,0.639222863469616,1.19199952336144,0.898240914522694,-0.656206777583498
